문자열 압축,60057,2020 KAKAO BLIND RECRUITMENT
오픈채팅방,42888,2019 KAKAO BLIND RECRUITMENT
멀쩡한 사각형,62048,Summer/Winter Coding(2019)
124 나라의 숫자,12899,연습문제
기능개발,42586,스택/큐
더 맵게,42626,힙(Heap)
타겟 넘버,43165,깊이/너비 우선 탐색(DFS/BFS)
짝지어 제거하기,12973,2017 팁스타운
행렬 테두리 회전하기,77485,2021 Dev-Matching: 웹 백엔드 개발자(상반기)
메뉴 리뉴얼,72411,2021 KAKAO BLIND RECRUITMENT
괄호 변환,60058,2020 KAKAO BLIND RECRUITMENT
[1차] 뉴스 클러스터링,17677,2018 KAKAO BLIND RECRUITMENT
거리두기 확인하기,81302,2021 카카오 채용연계형 인턴십
수식 최대화,67257,2020 카카오 인턴십
튜플,64065,2019 카카오 개발자 겨울 인턴십
빛의 경로 사이클,86052,월간 코드 챌린지 시즌3
전화번호 목록,42577,해시
프린터,42587,스택/큐
가장 큰 수,42746,정렬
소수 찾기,42839,완전탐색
조이스틱,42860,탐욕법(Greedy)
게임 맵 최단거리,1844,찾아라 프로그래밍 마에스터
예상 대진표,12985,2017 팁스타운
순위 검색,72412,2021 KAKAO BLIND RECRUITMENT
후보키,42890,2019 KAKAO BLIND RECRUITMENT
괄호 회전하기,76502,월간 코드 챌린지 시즌2
배달,12978,Summer/Winter Coding(~2018)
위장,42578,해시
다리를 지나는 트럭,42583,스택/큐
H-Index,42747,정렬
카펫,42842,완전탐색
큰 수 만들기,42883,탐욕법(Greedy)
피로도,87946,위클리 챌린지
[1차] 프렌즈4블록,17679,2018 KAKAO BLIND RECRUITMENT
2개 이하로 다른 비트,77885,월간 코드 챌린지 시즌2
삼각 달팽이,68645,월간 코드 챌린지 시즌1
영어 끝말잇기,12981,Summer/Winter Coding(~2018)
주식가격,42584,스택/큐
구명보트,42885,탐욕법(Greedy)
교점에 별 만들기,87377,위클리 챌린지
전력망을 둘로 나누기,86971,위클리 챌린지
모음사전,84512,위클리 챌린지
[1차] 캐시,17680,2018 KAKAO BLIND RECRUITMENT
이진 변환 반복하기,70129,월간 코드 챌린지 시즌1
점프와 순간 이동,12980,Summer/Winter Coding(~2018)
n^2 배열 자르기,87390,월간 코드 챌린지 시즌3
쿼드압축 후 개수 세기,68936,월간 코드 챌린지 시즌1
스킬트리,49993,Summer/Winter Coding(~2018)
방문 길이,49994,Summer/Winter Coding(~2018)
[3차] 방금그곡,17683,2018 KAKAO BLIND RECRUITMENT
가장 큰 정사각형 찾기,12905,연습문제
[3차] 압축,17684,2018 KAKAO BLIND RECRUITMENT
[3차] 파일명 정렬,17686,2018 KAKAO BLIND RECRUITMENT
올바른 괄호,12909,연습문제
[3차] n진수 게임,17687,2018 KAKAO BLIND RECRUITMENT
다음 큰 숫자,12911,연습문제
땅따먹기,12913,연습문제
k진수에서 소수 개수 구하기,92335,2022 KAKAO BLIND RECRUITMENT
숫자의 표현,12924,연습문제
주차 요금 계산,92341,2022 KAKAO BLIND RECRUITMENT
최댓값과 최솟값,12939,연습문제
최솟값 만들기,12941,연습문제
피보나치 수,12945,연습문제
행렬의 곱셈,12949,연습문제
JadenCase 문자열 만들기,12951,연습문제
N개의 최소공배수,12953,연습문제
양궁대회,92342,2022 KAKAO BLIND RECRUITMENT
